Date,Pool,0 - 10,11 - 17,18 - 59,+60,Total
2018-05-05,Cassiano,0,0.0,0.0,0.0,0.0
2018-05-05,Concepcion,0,0.0,0.0,0.0,0.0
2018-05-05,Cuellar,0,0.0,0.0,0.0,0.0
2018-05-05,Dellview,0,0.0,0.0,0.0,0.0
2018-05-05,Elmendorf,0,0.0,0.0,0.0,0.0
2018-05-05,Fairchild,0,0.0,0.0,0.0,0.0
2018-05-05,Garza,0,0.0,0.0,0.0,0.0
2018-05-05,Heritage,230,186.0,242.0,7.0,665.0
2018-05-05,Ward,0,0.0,0.0,0.0,0.0
2018-05-05,Kennedy,0,0.0,0.0,0.0,0.0
2018-05-05,Kingsborough,0,0.0,0.0,0.0,0.0
2018-05-05,LBJ,134,91.0,145.0,13.0,383.0
2018-05-05,Lincoln,0,0.0,0.0,0.0,0.0
2018-05-05,Monterrey,0,0.0,0.0,0.0,0.0
2018-05-05,New Territories,0,0.0,0.0,0.0,0.0
2018-05-05,Normoyle,0,0.0,0.0,0.0,0.0
2018-05-05,Roosevelt,0,0.0,0.0,0.0,0.0
2018-05-05,San Pedro,0,0.0,0.0,0.0,0.0
2018-05-05,Spring Time,0,0.0,0.0,0.0,0.0
2018-05-05,S.S. Lions,297,248.0,229.0,2.0,776.0
2018-05-05,South Cross,0,0.0,0.0,0.0,0.0
2018-05-05,Sunset Hills,0,0.0,0.0,0.0,0.0
2018-05-05,Westwood ,0,0.0,0.0,0.0,0.0
2018-05-05,Woodlawn,298,331.0,427.0,104.0,1160.0
2018-05-12,Cassiano,0,0.0,0.0,0.0,0.0
2018-05-12,Concepcion,0,0.0,0.0,0.0,0.0
2018-05-12,Cuellar,0,0.0,0.0,0.0,0.0
2018-05-12,Dellview,0,0.0,0.0,0.0,0.0
2018-05-12,Elmendorf,0,0.0,0.0,0.0,0.0
2018-05-12,Fairchild,0,0.0,0.0,0.0,0.0
2018-05-12,Garza,0,0.0,0.0,0.0,0.0
2018-05-12,Heritage,301,183.0,282.0,15.0,781.0
2018-05-12,Ward,0,0.0,0.0,0.0,0.0
2018-05-12,Kennedy,0,0.0,0.0,0.0,0.0
2018-05-12,Kingsborough,0,0.0,0.0,0.0,0.0
2018-05-12,LBJ,154,113.0,205.0,25.0,497.0
2018-05-12,Lincoln,0,0.0,0.0,0.0,0.0
2018-05-12,Monterrey,0,0.0,0.0,0.0,0.0
2018-05-12,New Territories,0,0.0,0.0,0.0,0.0
2018-05-12,Normoyle,0,0.0,0.0,0.0,0.0
2018-05-12,Roosevelt,0,0.0,0.0,0.0,0.0
2018-05-12,San Pedro,0,0.0,0.0,0.0,0.0
2018-05-12,Spring Time,0,0.0,0.0,0.0,0.0
2018-05-12,S.S. Lions,373,412.0,358.0,16.0,1159.0
2018-05-12,South Cross,0,0.0,0.0,0.0,0.0
2018-05-12,Sunset Hills,0,0.0,0.0,0.0,0.0
2018-05-12,Westwood ,0,0.0,0.0,0.0,0.0
2018-05-12,Woodlawn,423,665.0,632.0,29.0,1749.0
2018-05-19,Cassiano,0,0.0,0.0,0.0,0.0
2018-05-19,Concepcion,0,0.0,0.0,0.0,0.0
2018-05-19,Cuellar,0,0.0,0.0,0.0,0.0
2018-05-19,Dellview,0,0.0,0.0,0.0,0.0
2018-05-19,Elmendorf,0,0.0,0.0,0.0,0.0
2018-05-19,Fairchild,0,0.0,0.0,0.0,0.0
2018-05-19,Garza,0,0.0,0.0,0.0,0.0
2018-05-19,Heritage,280,219.0,279.0,22.0,800.0
2018-05-19,Ward,0,0.0,0.0,0.0,0.0
2018-05-19,Kennedy,0,0.0,0.0,0.0,0.0
2018-05-19,Kingsborough,0,0.0,0.0,0.0,0.0
2018-05-19,LBJ,221,96.0,187.0,13.0,517.0
2018-05-19,Lincoln,0,0.0,0.0,0.0,0.0
2018-05-19,Monterrey,0,0.0,0.0,0.0,0.0
2018-05-19,New Territories,0,0.0,0.0,0.0,0.0
2018-05-19,Normoyle,0,0.0,0.0,0.0,0.0
2018-05-19,Roosevelt,0,0.0,0.0,0.0,0.0
2018-05-19,San Pedro,0,0.0,0.0,0.0,0.0
2018-05-19,Spring Time,0,0.0,0.0,0.0,0.0
2018-05-19,S.S. Lions,314,327.0,293.0,10.0,944.0
2018-05-19,South Cross,0,0.0,0.0,0.0,0.0
2018-05-19,Sunset Hills,0,0.0,0.0,0.0,0.0
2018-05-19,Westwood ,0,0.0,0.0,0.0,0.0
2018-05-19,Woodlawn,383,451.0,621.0,67.0,1522.0
2018-05-26,Cassiano,0,0.0,0.0,0.0,0.0
2018-05-26,Concepcion,0,0.0,0.0,0.0,0.0
2018-05-26,Cuellar,0,0.0,0.0,0.0,0.0
2018-05-26,Dellview,0,0.0,0.0,0.0,0.0
2018-05-26,Elmendorf,0,0.0,0.0,0.0,0.0
2018-05-26,Fairchild,0,0.0,0.0,0.0,0.0
2018-05-26,Garza,0,0.0,0.0,0.0,0.0
2018-05-26,Heritage,630,422.0,588.0,45.0,1685.0
2018-05-26,Ward,0,0.0,0.0,0.0,0.0
2018-05-26,Kennedy,0,0.0,0.0,0.0,0.0
2018-05-26,Kingsborough,0,0.0,0.0,0.0,0.0
2018-05-26,LBJ,548,440.0,623.0,29.0,1640.0
2018-05-26,Lincoln,0,0.0,0.0,0.0,0.0
2018-05-26,Monterrey,0,0.0,0.0,0.0,0.0
2018-05-26,New Territories,0,0.0,0.0,0.0,0.0
2018-05-26,Normoyle,0,0.0,0.0,0.0,0.0
2018-05-26,Roosevelt,0,0.0,0.0,0.0,0.0
2018-05-26,San Pedro,0,0.0,0.0,0.0,0.0
2018-05-26,Spring Time,0,0.0,0.0,0.0,0.0
2018-05-26,S.S. Lions,823,800.0,735.0,36.0,2394.0
2018-05-26,South Cross,0,0.0,0.0,0.0,0.0
2018-05-26,Sunset Hills,0,0.0,0.0,0.0,0.0
2018-05-26,Westwood ,0,0.0,0.0,0.0,0.0
2018-05-26,Woodlawn,1692,2141.0,2229.0,482.0,6544.0
2018-06-02,Cassiano,0,0.0,0.0,0.0,0.0
2018-06-02,Concepcion,0,0.0,0.0,0.0,0.0
2018-06-02,Cuellar,0,0.0,0.0,0.0,0.0
2018-06-02,Dellview,0,0.0,0.0,0.0,0.0
2018-06-02,Elmendorf,0,0.0,0.0,0.0,0.0
2018-06-02,Fairchild,0,0.0,0.0,0.0,0.0
2018-06-02,Garza,0,0.0,0.0,0.0,0.0
2018-06-02,Heritage,484,377.0,457.0,41.0,1359.0
2018-06-02,Ward,0,0.0,0.0,0.0,0.0
2018-06-02,Kennedy,0,0.0,0.0,0.0,0.0
2018-06-02,Kingsborough,0,0.0,0.0,0.0,0.0
2018-06-02,LBJ,439,228.0,491.0,24.0,1182.0
2018-06-02,Lincoln,0,0.0,0.0,0.0,0.0
2018-06-02,Monterrey,0,0.0,0.0,0.0,0.0
2018-06-02,New Territories,0,0.0,0.0,0.0,0.0
2018-06-02,Normoyle,0,0.0,0.0,0.0,0.0
2018-06-02,Roosevelt,0,0.0,0.0,0.0,0.0
2018-06-02,San Pedro,0,0.0,0.0,0.0,0.0
2018-06-02,Spring Time,0,0.0,0.0,0.0,0.0
2018-06-02,S.S. Lions,770,733.0,686.0,35.0,2224.0
2018-06-02,South Cross,0,0.0,0.0,0.0,0.0
2018-06-02,Sunset Hills,0,0.0,0.0,0.0,0.0
2018-06-02,Westwood ,0,0.0,0.0,0.0,0.0
2018-06-02,Woodlawn,1439,1757.0,1982.0,362.0,5540.0
2018-06-09,Cassiano,0,0.0,0.0,0.0,0.0
2018-06-09,Concepcion,0,0.0,0.0,0.0,0.0
2018-06-09,Cuellar,0,0.0,0.0,0.0,0.0
2018-06-09,Dellview,0,0.0,0.0,0.0,0.0
2018-06-09,Elmendorf,0,0.0,0.0,0.0,0.0
2018-06-09,Fairchild,0,0.0,0.0,0.0,0.0
2018-06-09,Garza,0,0.0,0.0,0.0,0.0
2018-06-09,Heritage,515,350.0,390.0,30.0,1285.0
2018-06-09,Ward,0,0.0,0.0,0.0,0.0
2018-06-09,Kennedy,0,0.0,0.0,0.0,0.0
2018-06-09,Kingsborough,0,0.0,0.0,0.0,0.0
2018-06-09,LBJ,428,240.0,398.0,39.0,1105.0
2018-06-09,Lincoln,0,0.0,0.0,0.0,0.0
2018-06-09,Monterrey,0,0.0,0.0,0.0,0.0
2018-06-09,New Territories,0,0.0,0.0,0.0,0.0
2018-06-09,Normoyle,0,0.0,0.0,0.0,0.0
2018-06-09,Roosevelt,0,0.0,0.0,0.0,0.0
2018-06-09,San Pedro,0,0.0,0.0,0.0,0.0
2018-06-09,Spring Time,0,0.0,0.0,0.0,0.0
2018-06-09,S.S. Lions,783,821.0,759.0,29.0,2392.0
2018-06-09,South Cross,0,0.0,0.0,0.0,0.0
2018-06-09,Sunset Hills,0,0.0,0.0,0.0,0.0
2018-06-09,Westwood ,0,0.0,0.0,0.0,0.0
2018-06-09,Woodlawn,1276,1631.0,1637.0,243.0,4787.0
2018-06-16,Cassiano,387,544.0,304.0,10.0,1245.0
2018-06-16,Concepcion,452,353.0,492.0,21.0,1318.0
2018-06-16,Cuellar,258,312.0,247.0,12.0,829.0
2018-06-16,Dellview,365,378.0,322.0,16.0,1081.0
2018-06-16,Elmendorf,0,0.0,0.0,0.0,0.0
2018-06-16,Fairchild,250,249.0,199.0,6.0,704.0
2018-06-16,Garza,173,294.0,170.0,7.0,644.0
2018-06-16,Heritage,377,193.0,290.0,23.0,883.0
2018-06-16,Ward,245,223.0,175.0,16.0,659.0
2018-06-16,Kennedy,213,279.0,209.0,6.0,707.0
2018-06-16,Kingsborough,410,478.0,384.0,20.0,1292.0
2018-06-16,LBJ,283,200.0,255.0,38.0,776.0
2018-06-16,Lincoln,758,568.0,473.0,16.0,1815.0
2018-06-16,Monterrey,178,295.0,282.0,13.0,768.0
2018-06-16,New Territories,246,194.0,221.0,16.0,677.0
2018-06-16,Normoyle,399,440.0,333.0,18.0,1190.0
2018-06-16,Roosevelt,460,666.0,620.0,15.0,1761.0
2018-06-16,San Pedro,1521,1184.0,1869.0,108.0,4682.0
2018-06-16,Spring Time,226,247.0,197.0,27.0,697.0
2018-06-16,S.S. Lions,367,356.0,301.0,23.0,1047.0
2018-06-16,South Cross,177,252.0,149.0,25.0,603.0
2018-06-16,Sunset Hills,281,175.0,205.0,12.0,673.0
2018-06-16,Westwood ,387,326.0,312.0,3.0,1028.0
2018-06-16,Woodlawn,768,804.0,823.0,147.0,2542.0
2018-06-23,Cassiano,679,698.0,549.0,14.0,1940.0
2018-06-23,Concepcion,998,843.0,1125.0,77.0,3043.0
2018-06-23,Cuellar,435,419.0,381.0,26.0,1261.0
2018-06-23,Dellview,637,525.0,606.0,43.0,1811.0
2018-06-23,Elmendorf,0,0.0,0.0,0.0,0.0
2018-06-23,Fairchild,433,449.0,395.0,30.0,1307.0
2018-06-23,Garza,354,400.0,291.0,18.0,1063.0
2018-06-23,Heritage,662,278.0,426.0,48.0,1414.0
2018-06-23,Ward,465,278.0,350.0,22.0,1115.0
2018-06-23,Kennedy,457,437.0,426.0,22.0,1342.0
2018-06-23,Kingsborough,630,572.0,584.0,21.0,1807.0
2018-06-23,LBJ,860,358.0,636.0,58.0,1912.0
2018-06-23,Lincoln,940,780.0,622.0,27.0,2369.0
2018-06-23,Monterrey,580,638.0,505.0,29.0,1752.0
2018-06-23,New Territories,360,258.0,338.0,24.0,980.0
2018-06-23,Normoyle,759,715.0,620.0,41.0,2135.0
2018-06-23,Roosevelt,612,615.0,557.0,34.0,1818.0
2018-06-23,San Pedro,3449,2417.0,3873.0,208.0,9947.0
2018-06-23,Spring Time,363,318.0,317.0,23.0,1021.0
2018-06-23,S.S. Lions,815,639.0,702.0,55.0,2211.0
2018-06-23,South Cross,417,480.0,348.0,28.0,1273.0
2018-06-23,Sunset Hills,456,253.0,335.0,17.0,1061.0
2018-06-23,Westwood ,480,393.0,393.0,26.0,1292.0
2018-06-23,Woodlawn,1335,1350.0,1430.0,213.0,4328.0
2018-07-01,Cassiano,348,335.0,315.0,5.0,1003.0
2018-07-01,Concepcion,408,321.0,506.0,31.0,1266.0
2018-07-01,Cuellar,186,228.0,181.0,12.0,607.0
2018-07-01,Dellview,274,216.0,311.0,26.0,827.0
2018-07-01,Elmendorf,0,0.0,0.0,0.0,0.0
2018-07-01,Fairchild,199,211.0,197.0,6.0,613.0
2018-07-01,Garza,219,254.0,165.0,11.0,649.0
2018-07-01,Heritage,412,206.0,352.0,23.0,993.0
2018-07-01,Ward,292,185.0,237.0,17.0,731.0
2018-07-01,Kennedy,236,251.0,243.0,10.0,740.0
2018-07-01,Kingsborough,395,308.0,325.0,14.0,1042.0
2018-07-01,LBJ,417,233.0,331.0,43.0,1024.0
2018-07-01,Lincoln,349,374.0,285.0,11.0,1019.0
2018-07-01,Monterrey,187,201.0,191.0,19.0,598.0
2018-07-01,New Territories,210,136.0,112.0,9.0,467.0
2018-07-01,Normoyle,359,364.0,335.0,27.0,1085.0
2018-07-01,Roosevelt,471,632.0,596.0,38.0,1737.0
2018-07-01,San Pedro,1558,1309.0,2279.0,124.0,5270.0
2018-07-01,Spring Time,155,184.0,161.0,17.0,517.0
2018-07-01,S.S. Lions,350,278.0,296.0,19.0,943.0
2018-07-01,South Cross,245,211.0,228.0,21.0,705.0
2018-07-01,Sunset Hills,308,144.0,196.0,11.0,659.0
2018-07-01,Westwood ,265,208.0,236.0,10.0,719.0
2018-07-01,Woodlawn,768,768.0,901.0,137.0,2574.0
2018-07-07,Cassiano,421,432.0,372.0,9.0,1234.0
2018-07-07,Concepcion,432,328.0,504.0,48.0,1312.0
2018-07-07,Cuellar,300,276.0,277.0,12.0,865.0
2018-07-07,Dellview,371,310.0,335.0,20.0,1036.0
2018-07-07,Elmendorf,0,0.0,0.0,0.0,0.0
2018-07-07,Fairchild,227,250.0,222.0,21.0,720.0
2018-07-07,Garza,248,291.0,168.0,12.0,719.0
2018-07-07,Heritage,520,228.0,351.0,41.0,1140.0
2018-07-07,Ward,293,127.0,185.0,21.0,626.0
2018-07-07,Kennedy,261,311.0,305.0,13.0,890.0
2018-07-07,Kingsborough,348,384.0,293.0,19.0,1044.0
2018-07-07,LBJ,460,244.0,352.0,62.0,1118.0
2018-07-07,Lincoln,397,412.0,302.0,16.0,1127.0
2018-07-07,Monterrey,257,289.0,310.0,37.0,893.0
2018-07-07,New Territories,244,146.0,199.0,8.0,597.0
2018-07-07,Normoyle,436,480.0,392.0,22.0,1330.0
2018-07-07,Roosevelt,544,649.0,753.0,24.0,1970.0
2018-07-07,San Pedro,1905,1347.0,2387.0,135.0,5774.0
2018-07-07,Spring Time,247,202.0,189.0,15.0,653.0
2018-07-07,S.S. Lions,482,430.0,358.0,30.0,1300.0
2018-07-07,South Cross,224,328.0,247.0,26.0,825.0
2018-07-07,Sunset Hills,333,147.0,231.0,8.0,719.0
2018-07-07,Westwood ,346,218.0,258.0,24.0,846.0
2018-07-07,Woodlawn,715,827.0,802.0,148.0,2492.0
2018-07-14,Cassiano,423,429.0,365.0,10.0,1227.0
2018-07-14,Concepcion,582,392.0,668.0,58.0,1700.0
2018-07-14,Cuellar,280,229.0,270.0,7.0,786.0
2018-07-14,Dellview,401,330.0,394.0,33.0,1158.0
2018-07-14,Elmendorf,0,0.0,0.0,0.0,0.0
2018-07-14,Fairchild,302,257.0,290.0,9.0,858.0
2018-07-14,Garza,275,351.0,200.0,15.0,841.0
2018-07-14,Heritage,574,283.0,413.0,25.0,1295.0
2018-07-14,Ward,279,148.0,209.0,20.0,656.0
2018-07-14,Kennedy,252,225.0,255.0,23.0,755.0
2018-07-14,Kingsborough,397,403.0,370.0,16.0,1186.0
2018-07-14,LBJ,595,251.0,399.0,40.0,1285.0
2018-07-14,Lincoln,531,384.0,325.0,18.0,1258.0
2018-07-14,Monterrey,235,315.0,259.0,27.0,836.0
2018-07-14,New Territories,238,127.0,204.0,20.0,589.0
2018-07-14,Normoyle,492,392.0,388.0,21.0,1293.0
2018-07-14,Roosevelt,614,761.0,783.0,56.0,2214.0
2018-07-14,San Pedro,2367,1724.0,3263.0,172.0,7526.0
2018-07-14,Spring Time,251,222.0,221.0,12.0,706.0
2018-07-14,S.S. Lions,525,481.0,469.0,27.0,1502.0
2018-07-14,South Cross,263,333.0,280.0,13.0,889.0
2018-07-14,Sunset Hills,313,172.0,248.0,18.0,751.0
2018-07-14,Westwood ,334,253.0,252.0,21.0,860.0
2018-07-14,Woodlawn,909,858.0,1002.0,236.0,3005.0
2018-07-21,Cassiano,431,383.0,335.0,17.0,1166.0
2018-07-21,Concepcion,486,346.0,519.0,58.0,1409.0
2018-07-21,Cuellar,222,216.0,218.0,10.0,666.0
2018-07-21,Dellview,399,285.0,376.0,35.0,1095.0
2018-07-21,Elmendorf,0,0.0,0.0,0.0,0.0
2018-07-21,Fairchild,328,276.0,313.0,17.0,934.0
2018-07-21,Garza,235,218.0,166.0,15.0,634.0
2018-07-21,Heritage,449,241.0,294.0,22.0,1006.0
2018-07-21,Ward,236,167.0,200.0,12.0,615.0
2018-07-21,Kennedy,306,256.0,288.0,19.0,869.0
2018-07-21,Kingsborough,436,448.0,335.0,18.0,1237.0
2018-07-21,LBJ,580,329.0,463.0,53.0,1425.0
2018-07-21,Lincoln,445,376.0,323.0,11.0,1155.0
2018-07-21,Monterrey,213,245.0,222.0,47.0,727.0
2018-07-21,New Territories,226,112.0,203.0,11.0,552.0
2018-07-21,Normoyle,448,362.0,397.0,18.0,1225.0
2018-07-21,Roosevelt,458,545.0,684.0,74.0,1761.0
2018-07-21,San Pedro,2719,1377.0,2810.0,202.0,7108.0
2018-07-21,Spring Time,227,155.0,172.0,22.0,576.0
2018-07-21,S.S. Lions,497,410.0,449.0,32.0,1388.0
2018-07-21,South Cross,133,184.0,144.0,16.0,477.0
2018-07-21,Sunset Hills,309,113.0,146.0,18.0,586.0
2018-07-21,Westwood ,365,227.0,273.0,23.0,888.0
2018-07-21,Woodlawn,780,827.0,978.0,250.0,2835.0
2018-07-29,Cassiano,178,151.0,130.0,3.0,462.0
2018-07-29,Concepcion,229,140.0,292.0,27.0,688.0
2018-07-29,Cuellar,136,98.0,133.0,2.0,369.0
2018-07-29,Dellview,208,125.0,231.0,17.0,581.0
2018-07-29,Elmendorf,0,0.0,0.0,0.0,0.0
2018-07-29,Fairchild,135,66.0,127.0,5.0,333.0
2018-07-29,Garza,116,121.0,94.0,9.0,340.0
2018-07-29,Heritage,254,99.0,187.0,11.0,551.0
2018-07-29,Ward,109,63.0,134.0,6.0,312.0
2018-07-29,Kennedy,122,132.0,134.0,7.0,395.0
2018-07-29,Kingsborough,184,183.0,178.0,9.0,554.0
2018-07-29,LBJ,143,74.0,138.0,29.0,384.0
2018-07-29,Lincoln,244,181.0,217.0,6.0,648.0
2018-07-29,Monterrey,122,107.0,112.0,30.0,371.0
2018-07-29,New Territories,87,42.0,82.0,6.0,217.0
2018-07-29,Normoyle,243,180.0,195.0,11.0,629.0
2018-07-29,Roosevelt,268,273.0,325.0,22.0,888.0
2018-07-29,San Pedro,1254,757.0,1574.0,90.0,3675.0
2018-07-29,Spring Time,113,95.0,95.0,4.0,307.0
2018-07-29,S.S. Lions,217,189.0,190.0,15.0,611.0
2018-07-29,South Cross,68,124.0,94.0,5.0,291.0
2018-07-29,Sunset Hills,120,63.0,102.0,9.0,294.0
2018-07-29,Westwood ,142,121.0,131.0,12.0,406.0
2018-07-29,Woodlawn,347,379.0,506.0,92.0,1324.0
2018-08-05,Cassiano,489,444,392.0,3.0,1328.0
2018-08-05,Concepcion,510,336,487.0,70.0,1403.0
2018-08-05,Cuellar,289,300,236.0,16.0,841.0
2018-08-05,Dellview,445,272,402.0,50.0,1169.0
2018-08-05,Elmendorf,0,0,0.0,0.0,0.0
2018-08-05,Fairchild,311,346,300.0,13.0,970.0
2018-08-05,Garza,218,271,203.0,30.0,722.0
2018-08-05,Heritage,660,312,422.0,51.0,1445.0
2018-08-05,Ward,275,179,192.0,27.0,673.0
2018-08-05,Kennedy,238,290,276.0,30.0,834.0
2018-08-05,Kingsborough,457,507,398.0,28.0,1390.0
2018-08-05,LBJ,619,294,382.0,57.0,1352.0
2018-08-05,Lincoln,277,291,225.0,7.0,800.0
2018-08-05,Monterrey,212,308,257.0,62.0,839.0
2018-08-05,New Territories,268,184,204.0,16.0,672.0
2018-08-05,Normoyle,541,417,393.0,43.0,1394.0
2018-08-05,Roosevelt,488,602,688.0,50.0,1828.0
2018-08-05,San Pedro,1918,1251,2628.0,211.0,6008.0
2018-08-05,Spring Time,274,232,225.0,20.0,751.0
2018-08-05,S.S. Lions,614,454,437.0,30.0,1535.0
2018-08-05,South Cross,234,335,237.0,32.0,838.0
2018-08-05,Sunset Hills,428,169,238.0,26.0,861.0
2018-08-05,Westwood ,300,219,259.0,19.0,797.0
2018-08-05,Woodlawn,802,798,887.0,180.0,2667.0
2018-08-12,Cassiano,17,58.0,23.0,0.0,98.0
2018-08-12,Concepcion,29,58.0,61.0,8.0,156.0
2018-08-12,Cuellar,62,87.0,66.0,11.0,226.0
2018-08-12,Dellview,159,130.0,131.0,26.0,446.0
2018-08-12,Elmendorf,0,0.0,0.0,0.0,0.0
2018-08-12,Fairchild,26,25.0,18.0,1.0,70.0
2018-08-12,Garza,71,84.0,67.0,6.0,228.0
2018-08-12,Heritage,258,97.0,190.0,11.0,556.0
2018-08-12,Ward,11,12.0,16.0,0.0,39.0
2018-08-12,Kennedy,79,115.0,91.0,11.0,296.0
2018-08-12,Kingsborough,169,204.0,126.0,12.0,511.0
2018-08-12,LBJ,169,63.0,129.0,23.0,384.0
2018-08-12,Lincoln,28,14.0,24.0,0.0,66.0
2018-08-12,Monterrey,82,113.0,76.0,12.0,283.0
2018-08-12,New Territories,96,59.0,77.0,7.0,239.0
2018-08-12,Normoyle,36,28.0,39.0,0.0,103.0
2018-08-12,Roosevelt,45,35.0,85.0,7.0,172.0
2018-08-12,San Pedro,199,147.0,351.0,15.0,712.0
2018-08-12,Spring Time,137,80.0,78.0,7.0,302.0
2018-08-12,S.S. Lions,148,80.0,117.0,19.0,364.0
2018-08-12,South Cross,149,158.0,129.0,10.0,446.0
2018-08-12,Sunset Hills,87,30.0,79.0,10.0,206.0
2018-08-12,Westwood ,143,74.0,110.0,11.0,338.0
2018-08-12,Woodlawn,297,266.0,425.0,112.0,1100.0
2018-08-20,Cassiano,0,0.0,0.0,0.0,0.0
2018-08-20,Concepcion,0,0.0,0.0,0.0,0.0
2018-08-20,Cuellar,66,41.0,73.0,3.0,183.0
2018-08-20,Dellview,91,85.0,84.0,23.0,283.0
2018-08-20,Elmendorf,0,0.0,0.0,0.0,0.0
2018-08-20,Fairchild,0,0.0,0.0,0.0,0.0
2018-08-20,Garza,41,48.0,57.0,2.0,148.0
2018-08-20,Heritage,224,107.0,195.0,9.0,535.0
2018-08-20,Ward,0,0.0,0.0,0.0,0.0
2018-08-20,Kennedy,69,47.0,55.0,3.0,174.0
2018-08-20,Kingsborough,95,104.0,118.0,4.0,321.0
2018-08-20,LBJ,108,38.0,84.0,10.0,240.0
2018-08-20,Lincoln,0,0.0,0.0,0.0,0.0
2018-08-20,Monterrey,29,70.0,34.0,2.0,135.0
2018-08-20,New Territories,59,35.0,57.0,4.0,155.0
2018-08-20,Normoyle,0,0.0,0.0,0.0,0.0
2018-08-20,Roosevelt,0,0.0,0.0,0.0,0.0
2018-08-20,San Pedro,0,0.0,0.0,0.0,0.0
2018-08-20,Spring Time,60,34.0,46.0,6.0,146.0
2018-08-20,S.S. Lions,99,68.0,131.0,5.0,303.0
2018-08-20,South Cross,76,63.0,82.0,6.0,227.0
2018-08-20,Sunset Hills,59,34.0,68.0,5.0,166.0
2018-08-20,Westwood ,68,37.0,49.0,7.0,161.0
2018-08-20,Woodlawn,559,584.0,685.0,103.0,1931.0
2018-08-27,Cassiano,0,0.0,0.0,0.0,0.0
2018-08-27,Concepcion,0,0.0,0.0,0.0,0.0
2018-08-27,Cuellar,0,0.0,0.0,0.0,0.0
2018-08-27,Dellview,0,0.0,0.0,0.0,0.0
2018-08-27,Elmendorf,0,0.0,0.0,0.0,0.0
2018-08-27,Fairchild,0,0.0,0.0,0.0,0.0
2018-08-27,Garza,0,0.0,0.0,0.0,0.0
2018-08-27,Heritage,158,51.0,158.0,16.0,383.0
2018-08-27,Ward,0,0.0,0.0,0.0,0.0
2018-08-27,Kennedy,0,0.0,0.0,0.0,0.0
2018-08-27,Kingsborough,0,0.0,0.0,0.0,0.0
2018-08-27,LBJ,123,30.0,100.0,22.0,275.0
2018-08-27,Lincoln,0,0.0,0.0,0.0,0.0
2018-08-27,Monterrey,0,0.0,0.0,0.0,0.0
2018-08-27,New Territories,0,0.0,0.0,0.0,0.0
2018-08-27,Normoyle,0,0.0,0.0,0.0,0.0
2018-08-27,Roosevelt,0,0.0,0.0,0.0,0.0
2018-08-27,San Pedro,0,0.0,0.0,0.0,0.0
2018-08-27,Spring Time,0,0.0,0.0,0.0,0.0
2018-08-27,S.S. Lions,139,125.0,154.0,25.0,443.0
2018-08-27,South Cross,0,0.0,0.0,0.0,0.0
2018-08-27,Sunset Hills,0,0.0,0.0,0.0,0.0
2018-08-27,Westwood ,0,0.0,0.0,0.0,0.0
2018-08-27,Woodlawn,437,345.0,487.0,107.0,1376.0
2018-09-03,Cassiano,0,0,0.0,0.0,0.0
2018-09-03,Concepcion,0,0,0.0,0.0,0.0
2018-09-03,Cuellar,0,0,0.0,0.0,0.0
2018-09-03,Dellview,0,0,0.0,0.0,0.0
2018-09-03,Elmendorf,0,0,0.0,0.0,0.0
2018-09-03,Fairchild,0,0,0.0,0.0,0.0
2018-09-03,Garza,0,0,0.0,0.0,0.0
2018-09-03,Heritage,139,69,140.0,20.0,368.0
2018-09-03,Ward,0,0,0.0,0.0,0.0
2018-09-03,Kennedy,0,0,0.0,0.0,0.0
2018-09-03,Kingsborough,0,0,0.0,0.0,0.0
2018-09-03,LBJ,77,55,122.0,14.0,268.0
2018-09-03,Lincoln,0,0,0.0,0.0,0.0
2018-09-03,Monterrey,0,0,0.0,0.0,0.0
2018-09-03,New Territories,0,0,0.0,0.0,0.0
2018-09-03,Normoyle,0,0,0.0,0.0,0.0
2018-09-03,Roosevelt,0,0,0.0,0.0,0.0
2018-09-03,San Pedro,0,0,0.0,0.0,0.0
2018-09-03,Spring Time,0,0,0.0,0.0,0.0
2018-09-03,S.S. Lions,109,103,132.0,19.0,363.0
2018-09-03,South Cross,0,0,0.0,0.0,0.0
2018-09-03,Sunset Hills,0,0,0.0,0.0,0.0
2018-09-03,Westwood ,0,0,0.0,0.0,0.0
2018-09-03,Woodlawn,304,275,573.0,105.0,1257.0
2018-09-10,Cassiano,0,0,0.0,0.0,0.0
2018-09-10,Concepcion,0,0,0.0,0.0,0.0
2018-09-10,Cuellar,0,0,0.0,0.0,0.0
2018-09-10,Dellview,0,0,0.0,0.0,0.0
2018-09-10,Elmendorf,0,0,0.0,0.0,0.0
2018-09-10,Fairchild,0,0,0.0,0.0,0.0
2018-09-10,Garza,0,0,0.0,0.0,0.0
2018-09-10,Heritage,50,12,36.0,6.0,104.0
2018-09-10,Ward,0,0,0.0,0.0,0.0
2018-09-10,Kennedy,0,0,0.0,0.0,0.0
2018-09-10,Kingsborough,0,0,0.0,0.0,0.0
2018-09-10,LBJ,16,23,19.0,1.0,59.0
2018-09-10,Lincoln,0,0,0.0,0.0,0.0
2018-09-10,Monterrey,0,0,0.0,0.0,0.0
2018-09-10,New Territories,0,0,0.0,0.0,0.0
2018-09-10,Normoyle,0,0,0.0,0.0,0.0
2018-09-10,Roosevelt,0,0,0.0,0.0,0.0
2018-09-10,San Pedro,0,0,0.0,0.0,0.0
2018-09-10,Spring Time,0,0,0.0,0.0,0.0
2018-09-10,S.S. Lions,34,42,35.0,11.0,122.0
2018-09-10,South Cross,0,0,0.0,0.0,0.0
2018-09-10,Sunset Hills,0,0,0.0,0.0,0.0
2018-09-10,Westwood ,0,0,0.0,0.0,0.0
2018-09-10,Woodlawn,76,104,109.0,35.0,324.0
2018-09-17,Cassiano,0,0,0.0,0.0,0.0
2018-09-17,Concepcion,0,0,0.0,0.0,0.0
2018-09-17,Cuellar,0,0,0.0,0.0,0.0
2018-09-17,Dellview,0,0,0.0,0.0,0.0
2018-09-17,Elmendorf,0,0,0.0,0.0,0.0
2018-09-17,Fairchild,0,0,0.0,0.0,0.0
2018-09-17,Garza,0,0,0.0,0.0,0.0
2018-09-17,Heritage,21,8,18.0,8.0,55.0
2018-09-17,Ward,0,0,0.0,0.0,0.0
2018-09-17,Kennedy,0,0,0.0,0.0,0.0
2018-09-17,Kingsborough,0,0,0.0,0.0,0.0
2018-09-17,LBJ,15,6,8.0,0.0,29.0
2018-09-17,Lincoln,0,0,0.0,0.0,0.0
2018-09-17,Monterrey,0,0,0.0,0.0,0.0
2018-09-17,New Territories,0,0,0.0,0.0,0.0
2018-09-17,Normoyle,0,0,0.0,0.0,0.0
2018-09-17,Roosevelt,0,0,0.0,0.0,0.0
2018-09-17,San Pedro,0,0,0.0,0.0,0.0
2018-09-17,Spring Time,0,0,0.0,0.0,0.0
2018-09-17,S.S. Lions,6,13,15.0,2.0,36.0
2018-09-17,South Cross,0,0,0.0,0.0,0.0
2018-09-17,Sunset Hills,0,0,0.0,0.0,0.0
2018-09-17,Westwood ,0,0,0.0,0.0,0.0
2018-09-17,Woodlawn,29,39,58.0,16.0,142.0
2018-09-24,Cassiano,0,0,0.0,0.0,0.0
2018-09-24,Concepcion,0,0,0.0,0.0,0.0
2018-09-24,Cuellar,0,0,0.0,0.0,0.0
2018-09-24,Dellview,0,0,0.0,0.0,0.0
2018-09-24,Elmendorf,0,0,0.0,0.0,0.0
2018-09-24,Fairchild,0,0,0.0,0.0,0.0
2018-09-24,Garza,0,0,0.0,0.0,0.0
2018-09-24,Heritage,35,10,34.0,8.0,87.0
2018-09-24,Ward,0,0,0.0,0.0,0.0
2018-09-24,Kennedy,0,0,0.0,0.0,0.0
2018-09-24,Kingsborough,0,0,0.0,0.0,0.0
2018-09-24,LBJ,27,4,19.0,0.0,50.0
2018-09-24,Lincoln,0,0,0.0,0.0,0.0
2018-09-24,Monterrey,0,0,0.0,0.0,0.0
2018-09-24,New Territories,0,0,0.0,0.0,0.0
2018-09-24,Normoyle,0,0,0.0,0.0,0.0
2018-09-24,Roosevelt,0,0,0.0,0.0,0.0
2018-09-24,San Pedro,0,0,0.0,0.0,0.0
2018-09-24,Spring Time,0,0,0.0,0.0,0.0
2018-09-24,S.S. Lions,13,5,24.0,5.0,47.0
2018-09-24,South Cross,0,0,0.0,0.0,0.0
2018-09-24,Sunset Hills,0,0,0.0,0.0,0.0
2018-09-24,Westwood ,0,0,0.0,0.0,0.0
2018-09-24,Woodlawn,46,65,64.0,14.0,189.0
2018-09-26,Cassiano,0,0.0,0.0,0.0,0.0
2018-09-26,Concepcion,0,0.0,0.0,0.0,0.0
2018-09-26,Cuellar,0,0.0,0.0,0.0,0.0
2018-09-26,Dellview,0,0.0,0.0,0.0,0.0
2018-09-26,Elmendorf,0,0.0,0.0,0.0,0.0
2018-09-26,Fairchild,0,0.0,0.0,0.0,0.0
2018-09-26,Garza,0,0.0,0.0,0.0,0.0
2018-09-26,Heritage,21,9.0,7.0,4.0,41.0
2018-09-26,Ward,0,0.0,0.0,0.0,0.0
2018-09-26,Kennedy,0,0.0,0.0,0.0,0.0
2018-09-26,Kingsborough,0,0.0,0.0,0.0,0.0
2018-09-26,LBJ,11,11.0,9.0,2.0,33.0
2018-09-26,Lincoln,0,0.0,0.0,0.0,0.0
2018-09-26,Monterrey,0,0.0,0.0,0.0,0.0
2018-09-26,New Territories,0,0.0,0.0,0.0,0.0
2018-09-26,Normoyle,0,0.0,0.0,0.0,0.0
2018-09-26,Roosevelt,0,0.0,0.0,0.0,0.0
2018-09-26,San Pedro,0,0.0,0.0,0.0,0.0
2018-09-26,Spring Time,0,0.0,0.0,0.0,0.0
2018-09-26,S.S. Lions,11,13.0,10.0,3.0,37.0
2018-09-26,South Cross,0,0.0,0.0,0.0,0.0
2018-09-26,Sunset Hills,0,0.0,0.0,0.0,0.0
2018-09-26,Westwood ,0,0.0,0.0,0.0,0.0
2018-09-26,Woodlawn,43,38.0,56.0,8.0,145.0
